,weightofshipment,shipmentinsurrancecost,basevalue,beginstorenumber,endstorenumber,endinsurracecost
count,1000.0,998.0,1000.0,1000.0,1000.0,999.0
mean,27.614691,3.0244857715430857,141.638,150.079,251.303,107.18941011011013
std,13.800142027076623,0.4031128588980794,30.43569101051079,29.90928491830462,29.099174437652916,2739.290261552587
min,5.031,2.1066,90.0,100.0,201.0,2.1066
25%,15.20575,2.7537,116.0,124.0,226.0,2.7537
50%,27.3125,3.0053,141.0,148.5,252.0,3.0053
75%,39.9005,3.3317,168.0,177.25,277.0,3.3317
max,50.983,3.8575,195.0,200.0,300.0,84321.0
